ID;Genotype;Allele1;Allele2
RV22454;Homozygote;Orientis-like;
RV22453;Heterozygote;Mediterranean;Chrysippus
RV22452;Homozygote;Mediterranean;
RV22451;Heterozygote;Mediterranean;Chrysippus
RV22450;Homozygote;Mediterranean;
RV22449;Homozygote;Chrysippus;
RV22448;Heterozygote;Mediterranean;Chrysippus
RV22447;Homozygote;Mediterranean;
RV22446;Homozygote;Chrysippus;
RV22444;Heterozygote;Mediterranean;Chrysippus
RV22442;Homozygote;Orientis-like;Chrysippus
RV19678;Heterozygote;Mediterranean;Orientis-like
RV17G458;Heterozygote;Mediterranean;Orientis-like
RV17G457;Heterozygote;Mediterranean;Orientis-like
RV17152;Homozygote;Chrysippus;
RV17143;Heterozygote;Mediterranean;Orientis-like
RV08L327;Heterozygote;Orientis-like;Chrysippus
RV08L326;Homozygote;Orientis-like;
RV12N317;Homozygote;Orientis-like;
SM19SY06;Heterozygote;Mediterranean;Chrysippus
SM19SY05;Heterozygote;Mediterranean;Orientis-like
SM19SY03;Heterozygote;Orientis-like;
SM19SY02;Heterozygote;Mediterranean;Orientis-like
SM17FV11;Heterozygote;Mediterranean;Orientis-like
SM17FV05;Heterozygote;Orientis-like;Chrysippus
SM17FV04;Heterozygote;Orientis-like;Chrysippus
SM24AN001;Homozygote;Chrysippus;
SM24AN002;Homozygote;Mediterranean;
SM24AN003;Homozygote;Orientis-like;
SM24AN004;Homozygote;Chrysippus;
SM24AN005;Heterozygote;Mediterranean;Orientis-like
SM24AN007;Homozygote;Chrysippus;
SM24AN008;Homozygote;Mediterranean;
SM24AN009;Homozygote;Mediterranean;
SM24AN010;Homozygote;Orientis-like;
SM24AN011;Heterozygote;Mediterranean;Orientis-like
SM24AN012;Heterozygote;Mediterranean;
SM24AN014;Homozygote;Orientis-like;
SM24AN015;Heterozygote;Mediterranean;Orientis-like
SM24AN016;Homozygote;Orientis-like;
SM24AN017;Homozygote;Orientis-like;
SM24AN018;Heterozygote;Mediterranean;Chrysippus
SM24AN020;Homozygote;Chrysippus;
SM24AN021;Homozygote;Mediterranean;
SM24AN022;Heterozygote;Mediterranean;Orientis-like
SM24AN023;Homozygote;Chrysippus;
SM24AN024;Homozygote;Mediterranean;
SM24AN026;Heterozygote;Mediterranean;Orientis-like
SM24AN027;Homozygote;Mediterranean;
SM24AN028;Heterozygote;Mediterranean;Chrysippus
SM24AN029;Homozygote;Chrysippus;
SM24AN030;Heterozygote;Mediterranean;Orientis-like
SM24AN031;Heterozygote;Mediterranean;Orientis-like
SM24AN032;Heterozygote;Mediterranean;Orientis-like
SM24AN033;Heterozygote;Mediterranean;Chrysippus
SM24AN034;Heterozygote;Mediterranean;Orientis-like
SM24AN035;Homozygote;Orientis-like;
SM24AN036;Heterozygote;Mediterranean;Orientis-like
SM24AN037;Heterozygote;Mediterranean;Orientis-like
DS18FV20;Heterozygote;Mediterranean;Orientis-like
DS18FV21;Heterozygote;Mediterranean;Orientis-like
DS18FV22;Heterozygote;Orientis-like;Chrysippus
DS18FV23;Heterozygote;Mediterranean;Orientis-like
DS18FV24;Heterozygote;Mediterranean;Orientis-like
DS18FV25;Homozygote;Orientis-like;
DS18FV26;Homozygote;Orientis-like;
DS18FV27;Heterozygote;Mediterranean;Orientis-like
DS18FV28;Homozygote;Orientis-like;
DS18FV29;Heterozygote;Mediterranean;Orientis-like
DS18FV30;Homozygote;Orientis-like;
DS18FV31;Heterozygote;Orientis-like;Chrysippus
DS18FV32;Homozygote;Mediterranean;
DS18FV33;Homozygote;Orientis-like;
DS18FV34;Homozygote;Orientis-like;
DS18FV35;Homozygote;Orientis-like;
DS18FV36;Heterozygote;Orientis-like;Chrysippus
DS18FV37;Heterozygote;Orientis-like;Chrysippus
DS18FV38;Homozygote;Chrysippus;
DS18FV39;Heterozygote;Mediterranean;Orientis-like
DS18FV40;Homozygote;Orientis-like;
DS18FV41;Heterozygote;Mediterranean;Orientis-like
DS18FV42;Homozygote;Orientis-like;
DS18FV43;Homozygote;Orientis-like;
DS18FV44;Heterozygote;Mediterranean;Orientis-like
DS18FV45;Homozygote;Orientis-like;
DS18FV46;Heterozygote;Mediterranean;Orientis-like
DS18FV47;Heterozygote;Mediterranean;Orientis-like
DS18FV49;Heterozygote;Mediterranean;Chrysippus
DS18FV50;Homozygote;Orientis-like;
DS18FV51;Homozygote;Orientis-like;
DS18FV52;Homozygote;Mediterranean;
DS18FV53;Homozygote;Orientis-like;
DS18FV54;Heterozygote;Orientis-like;Chrysippus
